<?xml version="1.0" encoding="UTF-8"?>
<!--
	Licensed Materials - Property of IBM
	5725-I43 (C) Copyright IBM Corp. 2011, 2016. All Rights Reserved.
	US Government Users Restricted Rights - Use, duplication or
	disclosure restricted by GSA ADP Schedule Contract with IBM Corp.
-->
<mfp:adapter name="commonAdapterServices"
	xmlns:xsi="http://www.w3.org/2001/XMLSchema-instance" 
	xmlns:mfp="http://www.ibm.com/mfp/integration"
	xmlns:http="http://www.ibm.com/mfp/integration/http">

	<displayName>commonAdapterServices</displayName>
	<description>commonAdapterServices</description>

	<JAXRSApplicationClass>com.ibm.commonServices.CommonAdapterServicesApplication</JAXRSApplicationClass>

	<property name="UserCustomMessage" defaultValue="false" displayName="User Custom Message"/>
	<property name="DEVServer" defaultValue="https://pirdev.titan.co.in:50401/RESTAdapter/" displayName="Development Server URL"/>
	<property name="UATServer" defaultValue="https://pirqa.titan.co.in:50401/RESTAdapter/" displayName="UAT Server URL"/>

</mfp:adapter>
